id,texto,fecha,likes,retweets,respuestas,impresiones,idioma,autor_id,tema,longitud_texto,contiene_hashtags,num_hashtags,contiene_menciones,num_menciones,contiene_url,es_retweet,num_palabras,es_mayusculas,tiene_signos_exclamacion,tiene_signos_pregunta,engagement_total,ratio_like_retweet,sesgo_politico,sesgo_confirmacion,lenguaje_emocional,contiene_desinformacion,polarizacion,contiene_corrupci√≥n,contiene_dictadura,contiene_democracia,contiene_fraude,contiene_mentira,contiene_verdad,contiene_traici√≥n,contiene_patriota,contiene_socialismo,contiene_capitalismo,contiene_libertad,contiene_opresi√≥n,TipoSesgo
1985755534935359929,"RT @ExpresoPeru: üî¥ Narcogobierno mexicano asila a golpista Ch√°vez | ""Habiendo protegido a Evo Morales, Jorge Glas y ahora con el caso Betss‚Ä¶",2025-11-04 17:06:27+00:00,0,9,0,0,es,1381497131278696451,pol√≠tica M√©xico OR pol√≠tica Espa√±a OR pol√≠tica opini√≥n lang:es -is:retweet,140,0,0,1,1,0,1,23,0,0,0,9,0.0,,,,,,0,0,0,0,0,0,0,0,0,0,0,0,Sin Clasificar
1985755519626461199,https://t.co/jOqUbzOkWA,2025-11-04 17:06:24+00:00,1,0,0,0,zxx,207199005,pol√≠tica M√©xico OR pol√≠tica Espa√±a OR pol√≠tica opini√≥n lang:es -is:retweet,23,0,0,0,0,1,0,1,0,0,0,1,1.0,,,,,,0,0,0,0,0,0,0,0,0,0,0,0,Sin Clasificar
1985755508855210042,"RT @MashiRafael: Error: se encuentra recluido en La Roca por persecuci√≥n pol√≠tica y odio de Diana Salazar.
El Caso Reconstrucci√≥n, por el q‚Ä¶",2025-11-04 17:06:21+00:00,0,350,0,0,es,975950693948420097,pol√≠tica M√©xico OR pol√≠tica Espa√±a OR pol√≠tica opini√≥n lang:es -is:retweet,140,0,0,1,1,0,1,23,0,0,0,350,0.0,,,,,,0,0,0,0,0,0,0,0,0,0,0,0,Apelaci√≥n Emocional
1985755505621639568,RT @DanteBobadilla: Buen aclare de @CesarNakazaki sobre el asilo de Betsy Ch√°vez: no es una perseguida pol√≠tica. Est√° huyendo de la justici‚Ä¶,2025-11-04 17:06:20+00:00,0,137,0,0,es,71313981,pol√≠tica M√©xico OR pol√≠tica Espa√±a OR pol√≠tica opini√≥n lang:es -is:retweet,140,0,0,1,2,0,1,22,0,0,0,137,0.0,,,,,,0,0,0,0,0,0,0,0,0,0,0,0,Sin Clasificar
1985755497320841409,"RT @elgatopolitico_: üî¥üî¥¬°As√≠ se habla!
Tras el anuncio de Per√∫ de romper relaciones con M√©xico, por darle asilo pol√≠tico a Betssy Ch√°vez, ex‚Ä¶",2025-11-04 17:06:18+00:00,0,91,0,0,es,1082136781095686149,pol√≠tica M√©xico OR pol√≠tica Espa√±a OR pol√≠tica opini√≥n lang:es -is:retweet,140,0,0,1,1,0,1,23,0,1,0,91,0.0,,,,,,0,0,0,0,0,0,0,0,0,0,0,0,Sin Clasificar
1985755496419107049,RT @El_Plural: Sumar y Podemos ven ‚Äúlawfare‚Äù en el juicio al fiscal general y piden que Ayuso se centre en su ‚Äúclan de corrupci√≥n‚Äù https://‚Ä¶,2025-11-04 17:06:18+00:00,0,36,0,0,es,302429852,pol√≠tica M√©xico OR pol√≠tica Espa√±a OR pol√≠tica opini√≥n lang:es -is:retweet,140,0,0,1,1,1,1,25,0,0,0,36,0.0,,,,,,1,0,0,0,0,0,0,0,0,0,0,0,Apelaci√≥n Emocional
1985755493638328482,RT @El_Plural: Las dos comidas secretas de Aznar con Maz√≥n: ‚ÄúT√∫ no vas a dimitir. El PP no va a cargar con las muertes‚Äù https://t.co/RebO1G‚Ä¶,2025-11-04 17:06:17+00:00,0,994,0,0,es,1128923445088202752,pol√≠tica M√©xico OR pol√≠tica Espa√±a OR pol√≠tica opini√≥n lang:es -is:retweet,140,0,0,1,1,1,1,25,0,0,0,994,0.0,,,,,,0,0,0,0,0,0,0,0,0,0,0,0,Sin Clasificar
1985755480170336505,"RT @TheObjective_es: El Gobierno canario cree que Torres ¬´minti√≥ en sede parlamentaria¬ª y pide ¬´explicaciones¬ª.

https://t.co/1oNqrvWvFR",2025-11-04 17:06:14+00:00,0,18,0,0,es,1491495540139380740,pol√≠tica M√©xico OR pol√≠tica Espa√±a OR pol√≠tica opini√≥n lang:es -is:retweet,136,0,0,1,1,1,1,16,0,0,0,18,0.0,,,,,,0,0,0,0,0,0,0,0,0,0,0,0,Sin Clasificar
1985755479902187541,"RT @elgatopolitico_: üî¥üî¥¬°As√≠ se habla!
Tras el anuncio de Per√∫ de romper relaciones con M√©xico, por darle asilo pol√≠tico a Betssy Ch√°vez, ex‚Ä¶",2025-11-04 17:06:14+00:00,0,91,0,0,es,3662886074,pol√≠tica M√©xico OR pol√≠tica Espa√±a OR pol√≠tica opini√≥n lang:es -is:retweet,140,0,0,1,1,0,1,23,0,1,0,91,0.0,,,,,,0,0,0,0,0,0,0,0,0,0,0,0,Sin Clasificar
1985755477289107758,"RT @Arturo_Sarukhan: Y los hitos diplom√°ticos que seguimos marcando y acumulando con la pol√≠tica exterior de la 4T, en la regi√≥n en la que‚Ä¶",2025-11-04 17:06:13+00:00,0,50,0,0,es,80102969,pol√≠tica M√©xico OR pol√≠tica Espa√±a OR pol√≠tica opini√≥n lang:es -is:retweet,139,0,0,1,1,0,1,24,0,0,0,50,0.0,,,,,,0,0,0,0,0,0,0,0,0,0,0,0,Sin Clasificar
1985755475439133113,"RT @el_pais: üì∫ TV en DIRECTO | √Ångel V√≠ctor Torres: ""No hay ning√∫n p√°rrafo en el que se demande al juez que haga investigaci√≥n alguna con r‚Ä¶",2025-11-04 17:06:13+00:00,0,23,0,0,es,1727023548911292416,pol√≠tica M√©xico OR pol√≠tica Espa√±a OR pol√≠tica opini√≥n lang:es -is:retweet,140,0,0,1,1,0,1,27,0,0,0,23,0.0,,,,,,0,0,0,0,0,0,0,0,0,0,0,0,Sin Clasificar
1985755471374897261,RT @El_Plural: Las dos comidas secretas de Aznar con Maz√≥n: ‚ÄúT√∫ no vas a dimitir. El PP no va a cargar con las muertes‚Äù https://t.co/RebO1G‚Ä¶,2025-11-04 17:06:12+00:00,0,1012,0,0,es,1061964906667352064,pol√≠tica M√©xico OR pol√≠tica Espa√±a OR pol√≠tica opini√≥n lang:es -is:retweet,140,0,0,1,1,1,1,25,0,0,0,1012,0.0,,,,,,0,0,0,0,0,0,0,0,0,0,0,0,Sin Clasificar
1985755455445221716,RT @El_Plural: Las dos comidas secretas de Aznar con Maz√≥n: ‚ÄúT√∫ no vas a dimitir. El PP no va a cargar con las muertes‚Äù https://t.co/RebO1G‚Ä¶,2025-11-04 17:06:08+00:00,0,1012,0,0,es,3320598807,pol√≠tica M√©xico OR pol√≠tica Espa√±a OR pol√≠tica opini√≥n lang:es -is:retweet,140,0,0,1,1,1,1,25,0,0,0,1012,0.0,,,,,,0,0,0,0,0,0,0,0,0,0,0,0,Sin Clasificar
1985755406275142024,"RT @libertaddigital: Koldo hac√≠a de intermediario con el Gobierno para Torres: ""Yo te ayudo en todo, lo conseguir√©""

‚úçÔ∏è @paco_cobosg 

http‚Ä¶",2025-11-04 17:05:57+00:00,0,13,0,0,es,4839593813,pol√≠tica M√©xico OR pol√≠tica Espa√±a OR pol√≠tica opini√≥n lang:es -is:retweet,140,0,0,1,2,1,1,21,0,0,0,13,0.0,,,,,,0,0,0,0,0,0,0,0,0,0,1,0,Apelaci√≥n Emocional
1985755393759559722,"RT @MLopezSanMartin: üö® Analistas del @Banxico advierten los mayores frenos para el crecimiento en M√©xico los pr√≥ximos 6 meses:

- Insegurid‚Ä¶",2025-11-04 17:05:54+00:00,0,529,0,0,es,159335432,pol√≠tica M√©xico OR pol√≠tica Espa√±a OR pol√≠tica opini√≥n lang:es -is:retweet,140,0,0,1,2,0,1,21,0,0,0,529,0.0,,,,,,0,0,0,0,0,0,0,0,0,0,0,0,Sin Clasificar
1985755393444786418,"RT @alvarosarco: Betssy Ch√°vez no es ninguna perseguida pol√≠tica, ella es una procesada por conspiraci√≥n contra el Estado... Los que preten‚Ä¶",2025-11-04 17:05:54+00:00,0,75,0,0,es,1935809879308197889,pol√≠tica M√©xico OR pol√≠tica Espa√±a OR pol√≠tica opini√≥n lang:es -is:retweet,140,0,0,1,1,0,1,21,0,0,0,75,0.0,,,,,,0,0,0,0,0,0,0,0,0,0,0,0,Sin Clasificar
1985755387078066630,"RT @voz_populi: üî¥ √öLTIMA HORA | Torres, triunfalista pese a que la UCO evidencia sus gestiones directas en los pagos: ""Demandar√© a Aldama""‚Ä¶",2025-11-04 17:05:52+00:00,0,35,0,0,es,976949303771049986,pol√≠tica M√©xico OR pol√≠tica Espa√±a OR pol√≠tica opini√≥n lang:es -is:retweet,139,0,0,1,1,0,1,23,0,0,0,35,0.0,,,,,,0,0,0,0,0,0,0,0,0,0,0,0,Sin Clasificar
1985755379188301951,"RT @GustavoRocMtz: #ULTIMAHORA
viene @FelipeCalderon a M√©xico y dice ""Har√© lo que sea necesario para ayudar a M√©xico"" d√≠as despu√©s asesinan‚Ä¶",2025-11-04 17:05:50+00:00,0,645,0,0,es,413651003,pol√≠tica M√©xico OR pol√≠tica Espa√±a OR pol√≠tica opini√≥n lang:es -is:retweet,140,1,1,1,2,0,1,21,0,0,0,645,0.0,,,,,,0,0,0,0,0,0,0,0,0,0,0,0,Sin Clasificar
1985755362520174795,"RT @el_pais: üì∫ TV en DIRECTO | √Ångel V√≠ctor Torres: ""Aldama dice que tiene una relaci√≥n estrecha conmigo. En la carpeta donde est√°n las con‚Ä¶",2025-11-04 17:05:46+00:00,0,14,0,0,es,187880567,pol√≠tica M√©xico OR pol√≠tica Espa√±a OR pol√≠tica opini√≥n lang:es -is:retweet,140,0,0,1,1,0,1,25,0,0,0,14,0.0,,,,,,0,0,0,0,0,0,0,0,0,0,0,0,Sin Clasificar
1985755357201813818,RT @El_Plural: Las dos comidas secretas de Aznar con Maz√≥n: ‚ÄúT√∫ no vas a dimitir. El PP no va a cargar con las muertes‚Äù https://t.co/RebO1G‚Ä¶,2025-11-04 17:05:45+00:00,0,1012,0,0,es,534227659,pol√≠tica M√©xico OR pol√≠tica Espa√±a OR pol√≠tica opini√≥n lang:es -is:retweet,140,0,0,1,1,1,1,25,0,0,0,1012,0.0,,,,,,0,0,0,0,0,0,0,0,0,0,0,0,Sin Clasificar
1985755350746759500,"RT @1jonatan2: El gobierno de la 4T impulsa una pol√≠tica en contra de la violencia, en donde las causas son combatidas con base en la econo‚Ä¶",2025-11-04 17:05:43+00:00,0,19,0,0,es,1632861113074196483,pol√≠tica M√©xico OR pol√≠tica Espa√±a OR pol√≠tica opini√≥n lang:es -is:retweet,140,0,0,1,1,0,1,26,0,0,0,19,0.0,,,,,,0,0,0,0,0,0,0,0,0,0,0,0,Sin Clasificar
1985755349593239825,"RT @voz_populi: Ayuso, acerca de las pesquisas de la UCO sobre Torres: ‚ÄúNo queda nada por corromper‚Äù 

Por @MCortijo16 

https://t.co/os0bx‚Ä¶",2025-11-04 17:05:43+00:00,0,2,0,0,es,1491495540139380740,pol√≠tica M√©xico OR pol√≠tica Espa√±a OR pol√≠tica opini√≥n lang:es -is:retweet,140,0,0,1,2,1,1,20,0,0,0,2,0.0,,,,,,0,0,0,0,0,0,0,0,0,0,0,0,Sin Clasificar
1985755334737014832,"RT @Ilad_media: ILAD Media üéôÔ∏è| Betssy Ch√°vez se asil√≥ en la residencia de la Embajada de M√©xico, la noticia fue nada por el ministro de Rel‚Ä¶",2025-11-04 17:05:40+00:00,0,24,0,0,es,1480545971822108674,pol√≠tica M√©xico OR pol√≠tica Espa√±a OR pol√≠tica opini√≥n lang:es -is:retweet,140,0,0,1,1,0,1,26,0,0,0,24,0.0,,,,,,0,0,0,0,0,0,0,0,0,0,0,0,Sin Clasificar
1985755326214266984,"@catrina_nortena Es repugnante y me llena de frustraci√≥n que generalices por unos cuantos, y manchen el malestar del pueblo. Que triste ver como para ustedes la muerte de un idealista no vale nada. No puedo creer que la pol√≠tica en M√©xico preorice atacar causas justas y no la podredumbre.",2025-11-04 17:05:37+00:00,0,0,2,5,es,1486780520616939533,pol√≠tica M√©xico OR pol√≠tica Espa√±a OR pol√≠tica opini√≥n lang:es -is:retweet,289,0,0,1,1,0,0,49,0,0,0,2,0.0,,,,,,0,0,0,0,0,0,0,0,0,0,0,0,Apelaci√≥n Emocional
1985755325614494038,"RT @Mr_Civico: üö®Contra la crisis de inseguridad en M√©xico: üá≤üáΩü´∞üèª 

üëáüèªPor eso, este s√°bado 8 de noviembre, se invita a todo el pueblo mexican‚Ä¶",2025-11-04 17:05:37+00:00,0,241,0,0,es,481563714,pol√≠tica M√©xico OR pol√≠tica Espa√±a OR pol√≠tica opini√≥n lang:es -is:retweet,140,0,0,1,1,0,1,24,0,0,0,241,0.0,,,,,,0,0,0,0,0,0,0,0,0,0,0,0,Apelaci√≥n Emocional
1985755321013289351,"RT @el_pais: üì∫ TV en DIRECTO | √Ångel V√≠ctor Torres: ""Aldama dice que tiene una relaci√≥n estrecha conmigo. En la carpeta donde est√°n las con‚Ä¶",2025-11-04 17:05:36+00:00,0,17,0,0,es,1888990500633378816,pol√≠tica M√©xico OR pol√≠tica Espa√±a OR pol√≠tica opini√≥n lang:es -is:retweet,140,0,0,1,1,0,1,25,0,0,0,17,0.0,,,,,,0,0,0,0,0,0,0,0,0,0,0,0,Sin Clasificar
1985755303464288418,"RT @El_Plural: üî¥ #√öLTIMAHORA | Torres anuncia una demanda contra V√≠ctor de Aldama por ""graves acusaciones"" tras conocerse el informe de la‚Ä¶",2025-11-04 17:05:32+00:00,0,116,0,0,es,4897884747,pol√≠tica M√©xico OR pol√≠tica Espa√±a OR pol√≠tica opini√≥n lang:es -is:retweet,139,1,1,1,1,0,1,22,0,0,0,116,0.0,,,,,,0,0,0,0,0,0,0,0,0,0,0,0,Sin Clasificar
1985755292735574271,"RT @El_Plural: üî¥ #√öLTIMAHORA | Torres anuncia una demanda contra V√≠ctor de Aldama por ""graves acusaciones"" tras conocerse el informe de la‚Ä¶",2025-11-04 17:05:29+00:00,0,116,0,0,es,86781321,pol√≠tica M√©xico OR pol√≠tica Espa√±a OR pol√≠tica opini√≥n lang:es -is:retweet,139,1,1,1,1,0,1,22,0,0,0,116,0.0,,,,,,0,0,0,0,0,0,0,0,0,0,0,0,Sin Clasificar
1985755276218150949,"RT @Liberfach0: ‚ö†Ô∏èüá≤üáΩ | REPUGNANTE: Tras varias investigaciones, la Canciller√≠a de Per√∫ descubri√≥ que el gobierno de M√©xico, liderado por Sh‚Ä¶",2025-11-04 17:05:26+00:00,0,3858,0,0,es,853189846868865024,pol√≠tica M√©xico OR pol√≠tica Espa√±a OR pol√≠tica opini√≥n lang:es -is:retweet,140,0,0,1,1,0,1,21,0,0,0,3858,0.0,,,,,,0,0,0,0,0,0,0,0,0,0,0,0,Sin Clasificar
1985755269926707620,"RT @ArturoVill7: Cristina Llorens, esposa del futbolista Sergio Canales, comparti√≥ una imagen en homenaje a Carlos Manzo.

Ella es de Santa‚Ä¶",2025-11-04 17:05:24+00:00,0,789,0,0,es,529640502,pol√≠tica M√©xico OR pol√≠tica Espa√±a OR pol√≠tica opini√≥n lang:es -is:retweet,140,0,0,1,1,0,1,21,0,0,0,789,0.0,,,,,,0,0,0,0,0,0,0,0,0,0,0,0,Sin Clasificar
1985755263207686573,RT @fcarrionmolina: üá™üá≠üá≤üá¶ Hoy escribe Od√≥n Elorza en @elindepcom sobre la traici√≥n que la pol√≠tica espa√±ola ha firmado contra los saharauis.‚Ä¶,2025-11-04 17:05:22+00:00,0,9,0,0,es,1336075451068977154,pol√≠tica M√©xico OR pol√≠tica Espa√±a OR pol√≠tica opini√≥n lang:es -is:retweet,140,0,0,1,2,0,1,21,0,0,0,9,0.0,,,,,,0,0,0,0,0,0,1,0,0,0,0,0,Apelaci√≥n Emocional
1985755261835858371,"RT @voz_populi: üî¥ √öLTIMA HORA | Torres, triunfalista pese a que la UCO evidencia sus gestiones directas en los pagos: ""Demandar√© a Aldama""‚Ä¶",2025-11-04 17:05:22+00:00,0,45,0,0,es,856108627953946628,pol√≠tica M√©xico OR pol√≠tica Espa√±a OR pol√≠tica opini√≥n lang:es -is:retweet,139,0,0,1,1,0,1,23,0,0,0,45,0.0,,,,,,0,0,0,0,0,0,0,0,0,0,0,0,Sin Clasificar
1985755257771864190,"RT @MElenaPerezJaen: Mira @Claudiashein, tu inepto gobierno es noticia en Espa√±a. Y s√≠, es verdad, t√∫ abandonaste a Carlos Manzo como lo di‚Ä¶",2025-11-04 17:05:21+00:00,0,332,0,0,es,1256017760515063808,pol√≠tica M√©xico OR pol√≠tica Espa√±a OR pol√≠tica opini√≥n lang:es -is:retweet,140,0,0,1,2,0,1,23,0,0,0,332,0.0,,,,,,0,0,0,0,0,1,0,0,0,0,0,0,Falacia Ad Hominem
1985755244064625145,RT @Rodpac: El embajador Robert Lighthizer en M√©xico con un planteamiento potente en cuanto al fracaso del sistema de comercio global en el‚Ä¶,2025-11-04 17:05:18+00:00,0,14,0,0,es,1702424923929452544,pol√≠tica M√©xico OR pol√≠tica Espa√±a OR pol√≠tica opini√≥n lang:es -is:retweet,140,0,0,1,1,0,1,23,0,0,0,14,0.0,,,,,,0,0,0,0,0,0,0,0,0,0,0,0,Sin Clasificar
1985755242688848050,"Dale le√±a con cojones a ese bulero mangante Torres anuncia una demanda contra V√≠ctor de Aldama por ""graves acusaciones"" tras conocerse el informe de la UCO via @El_Plural https://t.co/aiOUvDYCmE",2025-11-04 17:05:18+00:00,0,0,0,2,es,1455269986478534658,pol√≠tica M√©xico OR pol√≠tica Espa√±a OR pol√≠tica opini√≥n lang:es -is:retweet,194,0,0,1,1,1,0,29,0,0,0,0,0.0,,,,,,0,0,0,0,0,0,0,0,0,0,0,0,Sin Clasificar
1985755242038776046,"RT @pedroferriz3: Entonces a ver si entiendo,

@Claudiashein deja el pueblo de M√©xico, en total indefensi√≥n, se al√≠a con los narcos, tiene‚Ä¶",2025-11-04 17:05:17+00:00,0,1461,0,0,es,1791297993339256832,pol√≠tica M√©xico OR pol√≠tica Espa√±a OR pol√≠tica opini√≥n lang:es -is:retweet,139,0,0,1,2,0,1,22,0,0,0,1461,0.0,,,,,,0,0,0,0,0,0,0,0,0,0,0,0,Apelaci√≥n Emocional
1985755234849702024,RT @El_Plural: Las dos comidas secretas de Aznar con Maz√≥n: ‚ÄúT√∫ no vas a dimitir. El PP no va a cargar con las muertes‚Äù https://t.co/RebO1G‚Ä¶,2025-11-04 17:05:16+00:00,0,1037,0,0,es,1008823990683566080,pol√≠tica M√©xico OR pol√≠tica Espa√±a OR pol√≠tica opini√≥n lang:es -is:retweet,140,0,0,1,1,1,1,25,0,0,0,1037,0.0,,,,,,0,0,0,0,0,0,0,0,0,0,0,0,Sin Clasificar
1985755205388898604,RT @PabloIglesias: El M√©xico de L√°zaro C√°rdenas recibi√≥ a millares de dem√≥cratas espa√±oles salv√°ndoles de los pelotones de fusilamiento y l‚Ä¶,2025-11-04 17:05:09+00:00,0,1053,0,0,es,1128923445088202752,pol√≠tica M√©xico OR pol√≠tica Espa√±a OR pol√≠tica opini√≥n lang:es -is:retweet,140,0,0,1,1,0,1,21,0,0,0,1053,0.0,,,,,,0,0,0,0,0,0,0,0,0,0,0,0,Sin Clasificar
1985755191107567706,"RT @El_Plural: üî¥ #√öLTIMAHORA | Torres anuncia una demanda contra V√≠ctor de Aldama por ""graves acusaciones"" tras conocerse el informe de la‚Ä¶",2025-11-04 17:05:05+00:00,0,136,0,0,es,16435595,pol√≠tica M√©xico OR pol√≠tica Espa√±a OR pol√≠tica opini√≥n lang:es -is:retweet,139,1,1,1,1,0,1,22,0,0,0,136,0.0,,,,,,0,0,0,0,0,0,0,0,0,0,0,0,Sin Clasificar
1985755181376504151,RT @El_Plural: √ìscar Puente apunta a Abascal tras la dimisi√≥n de Maz√≥n: ‚ÄúO pide elecciones o hace de comparsa del PP‚Äù https://t.co/IuG7xDyV‚Ä¶,2025-11-04 17:05:03+00:00,0,49,0,0,es,1615027042486976528,pol√≠tica M√©xico OR pol√≠tica Espa√±a OR pol√≠tica opini√≥n lang:es -is:retweet,140,0,0,1,1,1,1,22,0,0,0,49,0.0,,,,,,0,0,0,0,0,0,0,0,0,0,0,0,Sin Clasificar
1985755177564119285,"RT @voz_populi: üî¥ √öLTIMA HORA | Torres, triunfalista pese a que la UCO evidencia sus gestiones directas en los pagos: ""Demandar√© a Aldama""‚Ä¶",2025-11-04 17:05:02+00:00,0,47,0,0,es,356425264,pol√≠tica M√©xico OR pol√≠tica Espa√±a OR pol√≠tica opini√≥n lang:es -is:retweet,139,0,0,1,1,0,1,23,0,0,0,47,0.0,,,,,,0,0,0,0,0,0,0,0,0,0,0,0,Sin Clasificar
1985755171935105332,"RT @el_pais: üì∫TV EN DIRECTO | √Ålvarez recuerda a su padre: ""Mi padre se llamaba Manuel, y era barbero. No quer√≠a morir, ese d√≠a se hab√≠a pu‚Ä¶",2025-11-04 17:05:01+00:00,0,161,0,0,es,2330347873,pol√≠tica M√©xico OR pol√≠tica Espa√±a OR pol√≠tica opini√≥n lang:es -is:retweet,140,0,0,1,1,0,1,27,0,0,0,161,0.0,,,,,,0,0,0,0,0,0,0,0,0,0,0,0,Sin Clasificar
1985755162288537624,Nunca vi a un empresario de MEXICO quejarse del gobierno cuando le condonaban impuestos e importarle el pa√≠s y meterse en pol√≠tica hasta que le tocaron el bolsillo,2025-11-04 17:04:58+00:00,0,0,0,2,es,1638792416873332737,pol√≠tica M√©xico OR pol√≠tica Espa√±a OR pol√≠tica opini√≥n lang:es -is:retweet,163,0,0,0,0,0,0,28,0,0,0,0,0.0,,,,,,0,0,0,0,0,0,0,0,0,0,0,0,Sin Clasificar
1985755154780443028,"RT @Maria12051990: @pacomarhuenda Ni tan mal igual hay que darle una vuelta a esto, la militancia de VOX igual debemos empezar a pedir ELEC‚Ä¶",2025-11-04 17:04:57+00:00,0,2,0,0,es,1453792259405668354,pol√≠tica M√©xico OR pol√≠tica Espa√±a OR pol√≠tica opini√≥n lang:es -is:retweet,140,0,0,1,2,0,1,24,0,0,0,2,0.0,,,,,,0,0,0,0,0,0,0,0,0,0,0,0,Sin Clasificar
1985755153450840416,"RT @El_Plural: üî¥ #√öLTIMAHORA | Torres anuncia una demanda contra V√≠ctor de Aldama por ""graves acusaciones"" tras conocerse el informe de la‚Ä¶",2025-11-04 17:04:56+00:00,0,154,0,0,es,1079035159889039361,pol√≠tica M√©xico OR pol√≠tica Espa√±a OR pol√≠tica opini√≥n lang:es -is:retweet,139,1,1,1,1,0,1,22,0,0,0,154,0.0,,,,,,0,0,0,0,0,0,0,0,0,0,0,0,Sin Clasificar
1985755138636627989,"RT @Liberfach0: ‚ö†Ô∏èüá≤üáΩ | REPUGNANTE: Tras varias investigaciones, la Canciller√≠a de Per√∫ descubri√≥ que el gobierno de M√©xico, liderado por Sh‚Ä¶",2025-11-04 17:04:53+00:00,0,3940,0,0,es,1749526196486807553,pol√≠tica M√©xico OR pol√≠tica Espa√±a OR pol√≠tica opini√≥n lang:es -is:retweet,140,0,0,1,1,0,1,21,0,0,0,3940,0.0,,,,,,0,0,0,0,0,0,0,0,0,0,0,0,Sin Clasificar
1985755134689735150,RT @El_Plural: Las dos comidas secretas de Aznar con Maz√≥n: ‚ÄúT√∫ no vas a dimitir. El PP no va a cargar con las muertes‚Äù https://t.co/RebO1G‚Ä¶,2025-11-04 17:04:52+00:00,0,1049,0,0,es,3025326429,pol√≠tica M√©xico OR pol√≠tica Espa√±a OR pol√≠tica opini√≥n lang:es -is:retweet,140,0,0,1,1,1,1,25,0,0,0,1049,0.0,,,,,,0,0,0,0,0,0,0,0,0,0,0,0,Sin Clasificar
1985755134303908181,"RT @El_Plural: üî¥ #√öLTIMAHORA | Torres anuncia una demanda contra V√≠ctor de Aldama por ""graves acusaciones"" tras conocerse el informe de la‚Ä¶",2025-11-04 17:04:52+00:00,0,154,0,0,es,1789227981291843584,pol√≠tica M√©xico OR pol√≠tica Espa√±a OR pol√≠tica opini√≥n lang:es -is:retweet,139,1,1,1,1,0,1,22,0,0,0,154,0.0,,,,,,0,0,0,0,0,0,0,0,0,0,0,0,Sin Clasificar
1985755125575516670,"RT @MashiRafael: Error: se encuentra recluido en La Roca por persecuci√≥n pol√≠tica y odio de Diana Salazar.
El Caso Reconstrucci√≥n, por el q‚Ä¶",2025-11-04 17:04:50+00:00,0,376,0,0,es,1376245386097086466,pol√≠tica M√©xico OR pol√≠tica Espa√±a OR pol√≠tica opini√≥n lang:es -is:retweet,140,0,0,1,1,0,1,23,0,0,0,376,0.0,,,,,,0,0,0,0,0,0,0,0,0,0,0,0,Apelaci√≥n Emocional
1985755109804982690,"RT @TheObjective_es: üî¥ √öLTIMA HORA

√Ångel V√≠ctor Torres se aferra al cargo y anuncia una demanda contra V√≠ctor de Aldama.

https://t.co/aoH‚Ä¶",2025-11-04 17:04:46+00:00,0,174,0,0,es,1756395163675459584,pol√≠tica M√©xico OR pol√≠tica Espa√±a OR pol√≠tica opini√≥n lang:es -is:retweet,140,0,0,1,1,1,1,21,0,0,0,174,0.0,,,,,,0,0,0,0,0,0,0,0,0,0,0,0,Sin Clasificar
1985755094173041143,RT @El_Plural: Las dos comidas secretas de Aznar con Maz√≥n: ‚ÄúT√∫ no vas a dimitir. El PP no va a cargar con las muertes‚Äù https://t.co/RebO1G‚Ä¶,2025-11-04 17:04:42+00:00,0,1059,0,0,es,1551099303745183746,pol√≠tica M√©xico OR pol√≠tica Espa√±a OR pol√≠tica opini√≥n lang:es -is:retweet,140,0,0,1,1,1,1,25,0,0,0,1059,0.0,,,,,,0,0,0,0,0,0,0,0,0,0,0,0,Sin Clasificar
1985755072123343181,RT @fcarrionmolina: üá™üá≠üá≤üá¶ Hoy escribe Od√≥n Elorza en @elindepcom sobre la traici√≥n que la pol√≠tica espa√±ola ha firmado contra los saharauis.‚Ä¶,2025-11-04 17:04:37+00:00,0,9,0,0,es,1207234817605193730,pol√≠tica M√©xico OR pol√≠tica Espa√±a OR pol√≠tica opini√≥n lang:es -is:retweet,140,0,0,1,2,0,1,21,0,0,0,9,0.0,,,,,,0,0,0,0,0,0,1,0,0,0,0,0,Apelaci√≥n Emocional
1985755065735688443,"RT @MElenaPerezJaen: Mira @Claudiashein, tu inepto gobierno es noticia en Espa√±a. Y s√≠, es verdad, t√∫ abandonaste a Carlos Manzo como lo di‚Ä¶",2025-11-04 17:04:35+00:00,0,364,0,0,es,102484682,pol√≠tica M√©xico OR pol√≠tica Espa√±a OR pol√≠tica opini√≥n lang:es -is:retweet,140,0,0,1,2,0,1,23,0,0,0,364,0.0,,,,,,0,0,0,0,0,1,0,0,0,0,0,0,Falacia Ad Hominem
1985755064502256039,RT @El_Plural: Las dos comidas secretas de Aznar con Maz√≥n: ‚ÄúT√∫ no vas a dimitir. El PP no va a cargar con las muertes‚Äù https://t.co/RebO1G‚Ä¶,2025-11-04 17:04:35+00:00,0,1059,0,0,es,252339040,pol√≠tica M√©xico OR pol√≠tica Espa√±a OR pol√≠tica opini√≥n lang:es -is:retweet,140,0,0,1,1,1,1,25,0,0,0,1059,0.0,,,,,,0,0,0,0,0,0,0,0,0,0,0,0,Sin Clasificar
1985755054419362138,"RT @alitomorenoc: Condenamos la torpeza con la que MORENA ha manejado la pol√≠tica exterior de M√©xico. No s√≥lo carecen de oficio, sino que t‚Ä¶",2025-11-04 17:04:33+00:00,0,245,0,0,es,1137807190167654401,pol√≠tica M√©xico OR pol√≠tica Espa√±a OR pol√≠tica opini√≥n lang:es -is:retweet,140,0,0,1,1,0,1,24,0,0,0,245,0.0,,,,,,0,0,0,0,0,0,0,0,0,0,0,0,Sin Clasificar
1985755047322370058,"RT @TheObjective_es: üî¥ √öLTIMA HORA

√Ångel V√≠ctor Torres se aferra al cargo y anuncia una demanda contra V√≠ctor de Aldama.

https://t.co/aoH‚Ä¶",2025-11-04 17:04:31+00:00,0,186,0,0,es,250592931,pol√≠tica M√©xico OR pol√≠tica Espa√±a OR pol√≠tica opini√≥n lang:es -is:retweet,140,0,0,1,1,1,1,21,0,0,0,186,0.0,,,,,,0,0,0,0,0,0,0,0,0,0,0,0,Sin Clasificar
1985755043870519643,"RT @TheObjective_es: üî¥ √öLTIMA HORA

√Ångel V√≠ctor Torres se aferra al cargo y anuncia una demanda contra V√≠ctor de Aldama.

https://t.co/aoH‚Ä¶",2025-11-04 17:04:30+00:00,0,186,0,0,es,865568093925462016,pol√≠tica M√©xico OR pol√≠tica Espa√±a OR pol√≠tica opini√≥n lang:es -is:retweet,140,0,0,1,1,1,1,21,0,0,0,186,0.0,,,,,,0,0,0,0,0,0,0,0,0,0,0,0,Sin Clasificar
1985755041857450272,"üåê M√©xico reafirma su tradici√≥n humanista de asilo
Nuestro pa√≠s rechaz√≥ la ruptura diplom√°tica por parte de Per√∫ y defendi√≥ que el otorgamiento de refugio pol√≠tico no es una injerencia.
üîó https://t.co/ZxXXVuvaBj
#Diplomacia #AsiloPol√≠tico #M√©xicoPer√∫ https://t.co/g7I85NOJ8Z",2025-11-04 17:04:30+00:00,0,0,0,24,es,1463349449346924556,pol√≠tica M√©xico OR pol√≠tica Espa√±a OR pol√≠tica opini√≥n lang:es -is:retweet,273,1,3,0,0,1,0,36,0,0,0,0,0.0,,,,,,0,0,0,0,0,0,0,0,0,0,0,0,Sin Clasificar
1985755037973295324,RT @opinioncandela: Muy triste pero necesario tener que romper relaciones con el hermano pa√≠s de M√©xico üá≤üáΩ por la terrible pol√≠tica de su a‚Ä¶,2025-11-04 17:04:29+00:00,0,17,0,0,es,1292190790471553025,pol√≠tica M√©xico OR pol√≠tica Espa√±a OR pol√≠tica opini√≥n lang:es -is:retweet,140,0,0,1,1,0,1,24,0,0,0,17,0.0,,,,,,0,0,0,0,0,0,0,0,0,0,0,0,Sin Clasificar
1985755028661883370,RT @DanteBobadilla: Buen aclare de @CesarNakazaki sobre el asilo de Betsy Ch√°vez: no es una perseguida pol√≠tica. Est√° huyendo de la justici‚Ä¶,2025-11-04 17:04:27+00:00,0,172,0,0,es,151759171,pol√≠tica M√©xico OR pol√≠tica Espa√±a OR pol√≠tica opini√≥n lang:es -is:retweet,140,0,0,1,2,0,1,22,0,0,0,172,0.0,,,,,,0,0,0,0,0,0,0,0,0,0,0,0,Sin Clasificar
1985755027261296739,"RT @TheObjective_es: üî¥ √öLTIMA HORA

√Ångel V√≠ctor Torres se aferra al cargo y anuncia una demanda contra V√≠ctor de Aldama.

https://t.co/aoH‚Ä¶",2025-11-04 17:04:26+00:00,0,195,0,0,es,3143110821,pol√≠tica M√©xico OR pol√≠tica Espa√±a OR pol√≠tica opini√≥n lang:es -is:retweet,140,0,0,1,1,1,1,21,0,0,0,195,0.0,,,,,,0,0,0,0,0,0,0,0,0,0,0,0,Sin Clasificar
1985755025671430526,"RT @MElenaPerezJaen: Mira @Claudiashein, tu inepto gobierno es noticia en Espa√±a. Y s√≠, es verdad, t√∫ abandonaste a Carlos Manzo como lo di‚Ä¶",2025-11-04 17:04:26+00:00,0,375,0,0,es,1494112397346418692,pol√≠tica M√©xico OR pol√≠tica Espa√±a OR pol√≠tica opini√≥n lang:es -is:retweet,140,0,0,1,2,0,1,23,0,0,0,375,0.0,,,,,,0,0,0,0,0,1,0,0,0,0,0,0,Falacia Ad Hominem
1985755017790279710,"RT @malefica_99: Qu√© absolutamente nauseabundo es todo esto.
Qu√© absolutamente corrompida est√° la pol√≠tica
Qu√© absolutamente mafiosa y vomi‚Ä¶",2025-11-04 17:04:24+00:00,0,4,0,0,es,1289131159574786048,pol√≠tica M√©xico OR pol√≠tica Espa√±a OR pol√≠tica opini√≥n lang:es -is:retweet,140,0,0,1,1,0,1,19,0,0,0,4,0.0,,,,,,0,0,0,0,0,0,0,0,0,0,0,0,Sin Clasificar
1985755000933355943,RT @IndiraHuilca: Romper relaciones con M√©xico por caso Betssy Ch√°vez solo evidencia descomposici√≥n de la Canciller√≠a. En una decisi√≥n desm‚Ä¶,2025-11-04 17:04:20+00:00,0,76,0,0,es,154291986,pol√≠tica M√©xico OR pol√≠tica Espa√±a OR pol√≠tica opini√≥n lang:es -is:retweet,140,0,0,1,1,0,1,20,0,0,0,76,0.0,,,,,,0,0,0,0,0,0,0,0,0,0,0,0,Sin Clasificar
1985754998479655388,"RT @Liberfach0: ‚ö†Ô∏èüá≤üáΩ | REPUGNANTE: Tras varias investigaciones, la Canciller√≠a de Per√∫ descubri√≥ que el gobierno de M√©xico, liderado por Sh‚Ä¶",2025-11-04 17:04:19+00:00,0,4009,0,0,es,58889520,pol√≠tica M√©xico OR pol√≠tica Espa√±a OR pol√≠tica opini√≥n lang:es -is:retweet,140,0,0,1,1,0,1,21,0,0,0,4009,0.0,,,,,,0,0,0,0,0,0,0,0,0,0,0,0,Sin Clasificar
1985754985347629114,"RT @RESObradorista: @EAnthonyWayne la incursi√≥n de cualquiera de sus agencias o de su fuerza militar en M√©xico ¬°ES INACEPTABLE!, se constit‚Ä¶",2025-11-04 17:04:16+00:00,0,11,0,0,es,1330231457005105152,pol√≠tica M√©xico OR pol√≠tica Espa√±a OR pol√≠tica opini√≥n lang:es -is:retweet,140,0,0,1,2,0,1,21,0,1,0,11,0.0,,,,,,0,0,0,0,0,0,0,0,0,0,0,0,Sin Clasificar
1985754979399766372,"RT @KikesitoVH: ""La Canciller√≠a someti√≥ a consulta el otorgamiento del salvoconducto a Betssy Ch√°vez para que viaje a M√©xico como asilada p‚Ä¶",2025-11-04 17:04:15+00:00,0,5,0,0,es,1828249889504964608,pol√≠tica M√©xico OR pol√≠tica Espa√±a OR pol√≠tica opini√≥n lang:es -is:retweet,140,0,0,1,1,0,1,22,0,0,0,5,0.0,,,,,,0,0,0,0,0,0,0,0,0,0,0,0,Sin Clasificar
1985754975809528131,"RT @Liberfach0: ‚ö†Ô∏èüá≤üáΩ | REPUGNANTE: Tras varias investigaciones, la Canciller√≠a de Per√∫ descubri√≥ que el gobierno de M√©xico, liderado por Sh‚Ä¶",2025-11-04 17:04:14+00:00,0,4009,0,0,es,896194980,pol√≠tica M√©xico OR pol√≠tica Espa√±a OR pol√≠tica opini√≥n lang:es -is:retweet,140,0,0,1,1,0,1,21,0,0,0,4009,0.0,,,,,,0,0,0,0,0,0,0,0,0,0,0,0,Sin Clasificar
1985754975696285969,"RT @borja_montoro_c: Expone su visi√≥n pol√≠tica, reivindica su perfil ¬´moderado¬ª y vuelve a situar la inmigraci√≥n en el terreno de lo ¬´socia‚Ä¶",2025-11-04 17:04:14+00:00,0,8,0,0,es,888915252993249281,pol√≠tica M√©xico OR pol√≠tica Espa√±a OR pol√≠tica opini√≥n lang:es -is:retweet,140,0,0,1,1,0,1,22,0,0,0,8,0.0,,,,,,0,0,0,0,0,0,0,0,0,0,0,0,Sin Clasificar
1985754967580242155,https://t.co/sxp7kZW6ZK,2025-11-04 17:04:12+00:00,0,0,0,1,zxx,319087666,pol√≠tica M√©xico OR pol√≠tica Espa√±a OR pol√≠tica opini√≥n lang:es -is:retweet,23,0,0,0,0,1,0,1,0,0,0,0,0.0,,,,,,0,0,0,0,0,0,0,0,0,0,0,0,Sin Clasificar
1985754964057342207,"RT @elgatopolitico_: üî¥üî¥¬°As√≠ se habla!
Tras el anuncio de Per√∫ de romper relaciones con M√©xico, por darle asilo pol√≠tico a Betssy Ch√°vez, ex‚Ä¶",2025-11-04 17:04:11+00:00,0,158,0,0,es,25414044,pol√≠tica M√©xico OR pol√≠tica Espa√±a OR pol√≠tica opini√≥n lang:es -is:retweet,140,0,0,1,1,0,1,23,0,1,0,158,0.0,,,,,,0,0,0,0,0,0,0,0,0,0,0,0,Sin Clasificar
1985754961032904770,"RT @El_Plural: üî¥ #√öLTIMAHORA | Torres anuncia una demanda contra V√≠ctor de Aldama por ""graves acusaciones"" tras conocerse el informe de la‚Ä¶",2025-11-04 17:04:10+00:00,0,214,0,0,es,431429438,pol√≠tica M√©xico OR pol√≠tica Espa√±a OR pol√≠tica opini√≥n lang:es -is:retweet,139,1,1,1,1,0,1,22,0,0,0,214,0.0,,,,,,0,0,0,0,0,0,0,0,0,0,0,0,Sin Clasificar
1985754950304219412,"RT @Mike_Oviedo: No pod√≠a faltar el corrupto @alitomorenoc, el buitre mayor, buscando sacar raja pol√≠tica.
Ahora dice que M√©xico est√° hasta‚Ä¶",2025-11-04 17:04:08+00:00,0,565,0,0,es,751622084493803520,pol√≠tica M√©xico OR pol√≠tica Espa√±a OR pol√≠tica opini√≥n lang:es -is:retweet,140,0,0,1,2,0,1,21,0,0,0,565,0.0,,,,,,0,0,0,0,0,0,0,0,0,0,0,0,Falacia Ad Hominem
1985754936106455287,"RT @EmilioNoguerol: Vergonzoso el comportamiento antidemocr√°tico que viene demostrando M√©xico (antes con AMLO, hoy con Sheinbaum). Betssy C‚Ä¶",2025-11-04 17:04:04+00:00,0,117,0,0,es,1504702188182028298,pol√≠tica M√©xico OR pol√≠tica Espa√±a OR pol√≠tica opini√≥n lang:es -is:retweet,140,0,0,1,1,0,1,18,0,0,0,117,0.0,,,,,,0,0,0,0,0,0,0,0,0,0,0,0,Apelaci√≥n Emocional
1985754914853957963,"La embajada de M√©xico otorg√≥ asilo a la ex primera ministra Betssy Ch√°vez, procesada por el golpe de Estado fallido de Pedro Castillo. 
üîªConoce m√°s sobre las implicancias de esta decisi√≥n en la pol√≠tica exterior peruana: 
#BetssyCh√°vez #per√∫ #Mexico 
https://t.co/D0DS2XRIa9",2025-11-04 17:03:59+00:00,0,0,0,1,es,1973046710680100864,pol√≠tica M√©xico OR pol√≠tica Espa√±a OR pol√≠tica opini√≥n lang:es -is:retweet,274,1,3,0,0,1,0,40,0,0,0,0,0.0,,,,,,0,0,0,0,0,0,0,0,0,0,0,0,Sin Clasificar
1985754908948062304,"Otro caso similar, el Dr. Felix Alberto Linares, quien fue edil de Ocuilan, Edomex. Su muerte en 2020 fue un accidente formulado por el crimen organizado de la tala ilegal. 

https://t.co/raqYbUzyMJ",2025-11-04 17:03:58+00:00,0,0,0,14,es,83301377,pol√≠tica M√©xico OR pol√≠tica Espa√±a OR pol√≠tica opini√≥n lang:es -is:retweet,198,0,0,0,0,1,0,31,0,0,0,0,0.0,,,,,,0,0,0,0,0,0,0,0,0,0,0,0,Sin Clasificar
1985754901067030635,https://t.co/Eyay8oxeeC,2025-11-04 17:03:56+00:00,1,1,0,3,zxx,1775031128081981440,pol√≠tica M√©xico OR pol√≠tica Espa√±a OR pol√≠tica opini√≥n lang:es -is:retweet,23,0,0,0,0,1,0,1,0,0,0,2,1.0,,,,,,0,0,0,0,0,0,0,0,0,0,0,0,Sin Clasificar
1985754865931321511,"RT @pedroferriz3: Entonces a ver si entiendo,

@Claudiashein deja el pueblo de M√©xico, en total indefensi√≥n, se al√≠a con los narcos, tiene‚Ä¶",2025-11-04 17:03:48+00:00,0,1482,0,0,es,329747958,pol√≠tica M√©xico OR pol√≠tica Espa√±a OR pol√≠tica opini√≥n lang:es -is:retweet,139,0,0,1,2,0,1,22,0,0,0,1482,0.0,,,,,,0,0,0,0,0,0,0,0,0,0,0,0,Apelaci√≥n Emocional
1985754863834423415,"RT @Liberfach0: ‚ö†Ô∏èüá≤üáΩ | REPUGNANTE: Tras varias investigaciones, la Canciller√≠a de Per√∫ descubri√≥ que el gobierno de M√©xico, liderado por Sh‚Ä¶",2025-11-04 17:03:47+00:00,0,4030,0,0,es,2148143684,pol√≠tica M√©xico OR pol√≠tica Espa√±a OR pol√≠tica opini√≥n lang:es -is:retweet,140,0,0,1,1,0,1,21,0,0,0,4030,0.0,,,,,,0,0,0,0,0,0,0,0,0,0,0,0,Sin Clasificar
1985754825481662512,"RT @MLopezSanMartin: üö® Analistas del @Banxico advierten los mayores frenos para el crecimiento en M√©xico los pr√≥ximos 6 meses:

- Insegurid‚Ä¶",2025-11-04 17:03:38+00:00,0,541,0,0,es,1846634496730583042,pol√≠tica M√©xico OR pol√≠tica Espa√±a OR pol√≠tica opini√≥n lang:es -is:retweet,140,0,0,1,2,0,1,21,0,0,0,541,0.0,,,,,,0,0,0,0,0,0,0,0,0,0,0,0,Sin Clasificar
